0,0
2.001E-05,0
4.002E-05,0
6.003E-05,0
8.004E-05,0
0.00010005,0
0.00012006,0
0.00014007,0
0.00016008,0
0.00018009,0
0.0002001,0
0.00022011,0
0.00024012,0
0.00026013,0
0.00028014,0
0.00030015,2.723735409
0.00032016,5.447470817
0.00034017,5.447470817
0.00036018,5.447470817
0.00038019,5.447470817
0.0004002,5.447470817
0.00042021,8.171206226
0.00044022,8.171206226
0.00046023,8.171206226
0.00048024,8.171206226
0.00050025,10.89494163
0.00052026,13.61867704
0.00054027,13.61867704
0.00056028,13.61867704
0.00058029,13.61867704
0.0006003,16.34241245
0.00062031,16.34241245
0.00064032,16.34241245
0.00066033,16.34241245
0.00068034,16.34241245
0.00070035,19.06614786
0.00072036,19.06614786
0.00074037,19.06614786
0.00076038,19.06614786
0.00078039,19.06614786
0.0008004,21.78988327
0.00082041,24.51361868
0.00084042,24.51361868
0.00086043,24.51361868
0.00088044,24.51361868
0.00090045,27.23735409
0.00092046,29.96108949
0.00094047,29.96108949
0.00096048,29.96108949
0.00098049,29.96108949
0.0010005,32.6848249
0.00102051,35.40856031
0.00104052,35.40856031
0.00106053,35.40856031
0.00108054,35.40856031
0.00110055,38.13229572
0.00112056,40.85603113
0.00114057,40.85603113
0.00116058,40.85603113
0.00118059,40.85603113
0.0012006,43.57976654
0.00122061,43.57976654
0.00124062,43.57976654
0.00126063,43.57976654
0.00128064,43.57976654
0.00130065,46.30350195
0.00132066,46.30350195
0.00134067,46.30350195
0.00136068,46.30350195
0.00138069,46.30350195
0.0014007,49.02723735
0.00142071,51.75097276
0.00144072,51.75097276
0.00146073,51.75097276
0.00148074,51.75097276
0.00150075,51.75097276
0.00152076,54.47470817
0.00154077,54.47470817
0.00156078,54.47470817
0.00158079,54.47470817
0.0016008,57.19844358
0.00162081,59.92217899
0.00164082,59.92217899
0.00166083,59.92217899
0.00168084,59.92217899
0.00170085,62.6459144
0.00172086,62.6459144
0.00174087,62.6459144
0.00176088,62.6459144
0.00178089,62.6459144
0.0018009,65.36964981
0.00182091,68.09338521
0.00184092,68.09338521
0.00186093,68.09338521
0.00188094,68.09338521
0.00190095,70.81712062
0.00192096,73.54085603
0.00194097,73.54085603
0.00196098,73.54085603
0.00198099,73.54085603
0.002001001,76.26459144
0.002021011,78.98832685
0.002041021,78.98832685
0.002061031,78.98832685
0.002081041,78.98832685
0.002101051,81.71206226
0.002121061,84.43579767
0.002141071,84.43579767
0.002161081,84.43579767
0.002181091,84.43579767
0.002201101,84.43579767
0.002221111,87.15953307
0.002241121,87.15953307
0.002261131,87.15953307
0.002281141,87.15953307
0.002301151,89.88326848
0.002321161,92.60700389
0.002341171,92.60700389
0.002361181,92.60700389
0.002381191,92.60700389
0.002401201,95.3307393
0.002421211,95.3307393
0.002441221,95.3307393
0.002461231,95.3307393
0.002481241,95.3307393
0.002501251,98.05447471
0.002521261,98.05447471
0.002541271,98.05447471
0.002561281,98.05447471
0.002581291,98.05447471
0.002601301,100.7782101
0.002621311,100.7782101
0.002641321,100.7782101
0.002661331,100.7782101
0.002681341,100.7782101
0.002701351,103.5019455
0.002721361,106.2256809
0.002741371,106.2256809
0.002761381,106.2256809
0.002781391,106.2256809
0.002801401,108.9494163
0.002821411,111.6731518
0.002841421,111.6731518
0.002861431,111.6731518
0.002881441,111.6731518
0.002901451,114.3968872
0.002921461,114.3968872
0.002941471,114.3968872
0.002961481,114.3968872
0.002981491,114.3968872
0.003001501,117.1206226
0.003021511,119.844358
0.003041521,119.844358
0.003061531,119.844358
0.003081541,119.844358
0.003101551,122.5680934
0.003121561,122.5680934
0.003141571,122.5680934
0.003161581,122.5680934
0.003181591,122.5680934
0.003201601,125.2918288
0.003221611,128.0155642
0.003241621,128.0155642
0.003261631,128.0155642
0.003281641,128.0155642
0.003301651,130.7392996
0.003321661,130.7392996
0.003341671,130.7392996
0.003361681,130.7392996
0.003381691,130.7392996
0.003401701,133.463035
0.003421711,136.1867704
0.003441721,136.1867704
0.003461731,136.1867704
0.003481741,136.1867704
0.003501751,138.9105058
0.003521761,138.9105058
0.003541771,138.9105058
0.003561781,138.9105058
0.003581791,138.9105058
0.003601801,141.6342412
0.003621811,144.3579767
0.003641821,144.3579767
0.003661831,144.3579767
0.003681841,144.3579767
0.003701851,144.3579767
0.003721861,147.0817121
0.003741871,147.0817121
0.003761881,147.0817121
0.003781891,147.0817121
0.003801901,149.8054475
0.003821911,152.5291829
0.003841921,152.5291829
0.003861931,152.5291829
0.003881941,152.5291829
0.003901951,155.2529183
0.003921961,155.2529183
0.003941971,155.2529183
0.003961981,155.2529183
0.003981991,155.2529183
0.004002001,160.7003891
0.004022011,163.4241245
0.004042021,163.4241245
0.004062031,163.4241245
0.004082041,163.4241245
0.004102051,163.4241245
0.004122061,163.4241245
0.004142071,163.4241245
0.004162081,163.4241245
0.004182091,163.4241245
0.004202101,168.8715953
0.004222111,171.5953307
0.004242121,171.5953307
0.004262131,171.5953307
0.004282141,171.5953307
0.004302151,174.3190661
0.004322161,174.3190661
0.004342171,174.3190661
0.004362181,174.3190661
0.004382191,174.3190661
0.004402201,177.0428016
0.004422211,179.766537
0.004442221,179.766537
0.004462231,179.766537
0.004482241,179.766537
0.004502251,182.4902724
0.004522261,182.4902724
0.004542271,182.4902724
0.004562281,182.4902724
0.004582291,182.4902724
0.004602301,185.2140078
0.004622311,187.9377432
0.004642321,187.9377432
0.004662331,187.9377432
0.004682341,187.9377432
0.004702351,190.6614786
0.004722361,193.385214
0.004742371,193.385214
0.004762381,193.385214
0.004782391,193.385214
0.004802401,193.385214
0.004822411,196.1089494
0.004842421,196.1089494
0.004862431,196.1089494
0.004882441,196.1089494
0.004902451,198.8326848
0.004922461,201.5564202
0.004942471,201.5564202
0.004962481,201.5564202
0.004982491,201.5564202
0.005002501,204.2801556
0.005022511,207.0038911
0.005042521,207.0038911
0.005062531,207.0038911
0.005082541,207.0038911
0.005102551,209.7276265
0.005122561,209.7276265
0.005142571,209.7276265
0.005162581,209.7276265
0.005182591,209.7276265
0.005202601,212.4513619
0.005222611,215.1750973
0.005242621,215.1750973
0.005262631,215.1750973
0.005282641,215.1750973
0.005302651,215.1750973
0.005322661,217.8988327
0.005342671,217.8988327
0.005362681,217.8988327
0.005382691,217.8988327
0.005402701,220.6225681
0.005422711,223.3463035
0.005442721,223.3463035
0.005462731,223.3463035
0.005482741,223.3463035
0.005502751,226.0700389
0.005522761,226.0700389
0.005542771,226.0700389
0.005562781,226.0700389
0.005582791,226.0700389
0.005602801,228.7937743
0.005622811,231.5175097
0.005642821,231.5175097
0.005662831,231.5175097
0.005682841,231.5175097
0.005702851,234.2412451
0.005722861,234.2412451
0.005742871,234.2412451
0.005762881,234.2412451
0.005782891,234.2412451
0.005802901,236.9649805
0.005822911,239.688716
0.005842921,239.688716
0.005862931,239.688716
0.005882941,239.688716
0.005902951,239.688716
0.005922961,242.4124514
0.005942971,242.4124514
0.005962981,242.4124514
0.005982991,242.4124514
0.006003002,245.1361868
0.006023012,245.1361868
0.006043022,245.1361868
0.006063032,245.1361868
0.006083042,245.1361868
0.006103052,247.8599222
0.006123062,250.5836576
0.006143072,250.5836576
0.006163082,250.5836576
0.006183092,250.5836576
0.006203102,253.307393
0.006223112,256.0311284
0.006243122,256.0311284
0.006263132,256.0311284
0.006283142,256.0311284
0.006303152,258.7548638
0.006323162,258.7548638
0.006343172,258.7548638
0.006363182,258.7548638
0.006383192,258.7548638
0.006403202,261.4785992
0.006423212,261.4785992
0.006443222,261.4785992
0.006463232,261.4785992
0.006483242,261.4785992
0.006503252,264.2023346
0.006523262,266.92607
0.006543272,266.92607
0.006563282,266.92607
0.006583292,266.92607
0.006603302,269.6498054
0.006623312,272.3735409
0.006643322,272.3735409
0.006663332,272.3735409
0.006683342,272.3735409
0.006703352,275.0972763
0.006723362,275.0972763
0.006743372,275.0972763
0.006763382,275.0972763
0.006783392,275.0972763
0.006803402,277.8210117
0.006823412,280.5447471
0.006843422,280.5447471
0.006863432,280.5447471
0.006883442,280.5447471
0.006903452,280.5447471
0.006923462,283.2684825
0.006943472,283.2684825
0.006963482,283.2684825
0.006983492,283.2684825
0.007003502,285.9922179
0.007023512,285.9922179
0.007043522,285.9922179
0.007063532,285.9922179
0.007083542,285.9922179
0.007103552,291.4396887
0.007123562,294.1634241
0.007143572,294.1634241
0.007163582,294.1634241
0.007183592,294.1634241
0.007203602,294.1634241
0.007223612,296.8871595
0.007243622,296.8871595
0.007263632,296.8871595
0.007283642,296.8871595
0.007303652,299.6108949
0.007323662,299.6108949
0.007343672,299.6108949
0.007363682,299.6108949
0.007383692,299.6108949
0.007403702,305.0583658
0.007423712,307.7821012
0.007443722,307.7821012
0.007463732,307.7821012
0.007483742,307.7821012
0.007503752,307.7821012
0.007523762,310.5058366
0.007543772,310.5058366
0.007563782,310.5058366
0.007583792,310.5058366
0.007603802,310.5058366
0.007623812,313.229572
0.007643822,313.229572
0.007663832,313.229572
0.007683842,313.229572
0.007703852,315.9533074
0.007723862,318.6770428
0.007743872,318.6770428
0.007763882,318.6770428
0.007783892,318.6770428
0.007803902,318.6770428
0.007823912,321.4007782
0.007843922,321.4007782
0.007863932,321.4007782
0.007883942,321.4007782
0.007903952,324.1245136
0.007923962,326.848249
0.007943972,326.848249
0.007963982,326.848249
0.007983992,326.848249
0.008004002,326.848249
0.008024012,329.5719844
0.008044022,332.2957198
0.008064032,332.2957198
0.008084042,332.2957198
0.008104052,332.2957198
0.008124062,332.2957198
0.008144072,335.0194553
0.008164082,335.0194553
0.008184092,335.0194553
0.008204102,335.0194553
0.008224112,335.0194553
0.008244122,337.7431907
0.008264132,337.7431907
0.008284142,337.7431907
0.008304152,337.7431907
0.008324162,340.4669261
0.008344172,343.1906615
0.008364182,343.1906615
0.008384192,343.1906615
0.008404202,343.1906615
0.008424212,345.9143969
0.008444222,348.6381323
0.008464232,348.6381323
0.008484242,348.6381323
0.008504252,348.6381323
0.008524262,348.6381323
0.008544272,351.3618677
0.008564282,351.3618677
0.008584292,351.3618677
0.008604302,351.3618677
0.008624312,354.0856031
0.008644322,356.8093385
0.008664332,356.8093385
0.008684342,356.8093385
0.008704352,356.8093385
0.008724362,356.8093385
0.008744372,359.5330739
0.008764382,359.5330739
0.008784392,359.5330739
0.008804402,359.5330739
0.008824412,362.2568093
0.008844422,362.2568093
0.008864432,362.2568093
0.008884442,362.2568093
0.008904452,362.2568093
0.008924462,364.9805447
0.008944472,367.7042802
0.008964482,367.7042802
0.008984492,367.7042802
0.009004502,367.7042802
0.009024512,367.7042802
0.009044522,370.4280156
0.009064532,370.4280156
0.009084542,370.4280156
0.009104552,370.4280156
0.009124562,373.151751
0.009144572,375.8754864
0.009164582,375.8754864
0.009184592,375.8754864
0.009204602,375.8754864
0.009224612,378.5992218
0.009244622,378.5992218
0.009264632,378.5992218
0.009284642,378.5992218
0.009304652,378.5992218
0.009324662,384.0466926
0.009344672,384.0466926
0.009364682,384.0466926
0.009384692,384.0466926
0.009404702,384.0466926
0.009424712,384.0466926
0.009444722,386.770428
0.009464732,386.770428
0.009484742,386.770428
0.009504752,386.770428
0.009524762,389.4941634
0.009544772,392.2178988
0.009564782,392.2178988
0.009584792,392.2178988
0.009604802,392.2178988
0.009624812,394.9416342
0.009644822,394.9416342
0.009664832,394.9416342
0.009684842,394.9416342
0.009704852,394.9416342
0.009724862,397.6653696
0.009744872,400.3891051
0.009764882,400.3891051
0.009784892,400.3891051
0.009804902,400.3891051
0.009824912,403.1128405
0.009844922,403.1128405
0.009864932,403.1128405
0.009884942,403.1128405
0.009904952,403.1128405
0.009924962,405.8365759
0.009944972,405.8365759
0.009964982,405.8365759
0.009984992,405.8365759
0.010005003,405.8365759
0.010025013,408.5603113
0.010045023,411.2840467
0.010065033,411.2840467
0.010085043,411.2840467
0.010105053,411.2840467
0.010125063,414.0077821
0.010145073,414.0077821
0.010165083,414.0077821
0.010185093,414.0077821
0.010205103,414.0077821
0.010225113,416.7315175
0.010245123,419.4552529
0.010265133,419.4552529
0.010285143,419.4552529
0.010305153,419.4552529
0.010325163,422.1789883
0.010345173,422.1789883
0.010365183,422.1789883
0.010385193,422.1789883
0.010405203,422.1789883
0.010425213,424.9027237
0.010445223,427.6264591
0.010465233,427.6264591
0.010485243,427.6264591
0.010505253,427.6264591
0.010525263,427.6264591
0.010545273,430.3501946
0.010565283,430.3501946
0.010585293,430.3501946
0.010605303,430.3501946
0.010625313,433.07393
0.010645323,435.7976654
0.010665333,435.7976654
0.010685343,435.7976654
0.010705353,435.7976654
0.010725363,435.7976654
0.010745373,435.7976654
0.010765383,435.7976654
0.010785393,435.7976654
0.010805403,435.7976654
0.010825413,438.5214008
0.010845423,441.2451362
0.010865433,441.2451362
0.010885443,441.2451362
0.010905453,441.2451362
0.010925463,443.9688716
0.010945473,443.9688716
0.010965483,443.9688716
0.010985493,443.9688716
0.011005503,443.9688716
0.011025513,446.692607
0.011045523,449.4163424
0.011065533,449.4163424
0.011085543,449.4163424
0.011105553,449.4163424
0.011125563,449.4163424
0.011145573,452.1400778
0.011165583,452.1400778
0.011185593,452.1400778
0.011205603,452.1400778
0.011225613,454.8638132
0.011245623,454.8638132
0.011265633,454.8638132
0.011285643,454.8638132
0.011305653,454.8638132
0.011325663,457.5875486
0.011345673,460.311284
0.011365683,460.311284
0.011385693,460.311284
0.011405703,460.311284
0.011425713,460.311284
0.011445723,463.0350195
0.011465733,463.0350195
0.011485743,463.0350195
0.011505753,463.0350195
0.011525763,463.0350195
0.011545773,465.7587549
0.011565783,465.7587549
0.011585793,465.7587549
0.011605803,465.7587549
0.011625813,465.7587549
0.011645823,468.4824903
0.011665833,468.4824903
0.011685843,468.4824903
0.011705853,468.4824903
0.011725863,471.2062257
0.011745873,473.9299611
0.011765883,473.9299611
0.011785893,473.9299611
0.011805903,473.9299611
0.011825913,473.9299611
0.011845923,473.9299611
0.011865933,473.9299611
0.011885943,473.9299611
0.011905953,473.9299611
0.011925963,476.6536965
0.011945973,479.3774319
0.011965983,479.3774319
0.011985993,479.3774319
0.012006003,479.3774319
0.012026013,479.3774319
0.012046023,482.1011673
0.012066033,482.1011673
0.012086043,482.1011673
0.012106053,482.1011673
0.012126063,482.1011673
0.012146073,484.8249027
0.012166083,484.8249027
0.012186093,484.8249027
0.012206103,484.8249027
0.012226113,484.8249027
0.012246123,487.5486381
0.012266133,487.5486381
0.012286143,487.5486381
0.012306153,487.5486381
0.012326163,490.2723735
0.012346173,490.2723735
0.012366183,490.2723735
0.012386193,490.2723735
0.012406203,490.2723735
0.012426213,492.9961089
0.012446223,492.9961089
0.012466233,492.9961089
0.012486243,492.9961089
0.012506253,492.9961089
0.012526263,495.7198444
0.012546273,495.7198444
0.012566283,495.7198444
0.012586293,495.7198444
0.012606303,495.7198444
0.012626313,498.4435798
0.012646323,498.4435798
0.012666333,498.4435798
0.012686343,498.4435798
0.012706353,498.4435798
0.012726363,501.1673152
0.012746373,501.1673152
0.012766383,501.1673152
0.012786393,501.1673152
0.012806403,501.1673152
0.012826413,503.8910506
0.012846423,503.8910506
0.012866433,503.8910506
0.012886443,503.8910506
0.012906453,503.8910506
0.012926463,506.614786
0.012946473,506.614786
0.012966483,506.614786
0.012986493,506.614786
0.013006503,506.614786
0.013026513,509.3385214
0.013046523,509.3385214
0.013066533,509.3385214
0.013086543,509.3385214
0.013106553,509.3385214
0.013126563,512.0622568
0.013146573,512.0622568
0.013166583,512.0622568
0.013186593,512.0622568
0.013206603,512.0622568
0.013226613,514.7859922
0.013246623,514.7859922
0.013266633,514.7859922
0.013286643,514.7859922
0.013306653,514.7859922
0.013326663,517.5097276
0.013346673,517.5097276
0.013366683,517.5097276
0.013386693,517.5097276
0.013406703,517.5097276
0.013426713,520.233463
0.013446723,520.233463
0.013466733,520.233463
0.013486743,520.233463
0.013506753,520.233463
0.013526763,522.9571984
0.013546773,522.9571984
0.013566783,522.9571984
0.013586793,522.9571984
0.013606803,522.9571984
0.013626813,525.6809339
0.013646823,525.6809339
0.013666833,525.6809339
0.013686843,525.6809339
0.013706853,525.6809339
0.013726863,528.4046693
0.013746873,528.4046693
0.013766883,528.4046693
0.013786893,528.4046693
0.013806903,528.4046693
0.013826913,531.1284047
0.013846923,531.1284047
0.013866933,531.1284047
0.013886943,531.1284047
0.013906953,531.1284047
0.013926963,533.8521401
0.013946973,533.8521401
0.013966983,533.8521401
0.013986993,533.8521401
0.014007004,533.8521401
0.014027014,536.5758755
0.014047024,536.5758755
0.014067034,536.5758755
0.014087044,536.5758755
0.014107054,536.5758755
0.014127064,539.2996109
0.014147074,539.2996109
0.014167084,539.2996109
0.014187094,539.2996109
0.014207104,539.2996109
0.014227114,542.0233463
0.014247124,542.0233463
0.014267134,542.0233463
0.014287144,542.0233463
0.014307154,542.0233463
0.014327164,542.0233463
0.014347174,544.7470817
0.014367184,544.7470817
0.014387194,544.7470817
0.014407204,544.7470817
0.014427214,544.7470817
0.014447224,544.7470817
0.014467234,544.7470817
0.014487244,544.7470817
0.014507254,544.7470817
0.014527264,547.4708171
0.014547274,547.4708171
0.014567284,547.4708171
0.014587294,547.4708171
0.014607304,547.4708171
0.014627314,547.4708171
0.014647324,550.1945525
0.014667334,550.1945525
0.014687344,550.1945525
0.014707354,550.1945525
0.014727364,552.9182879
0.014747374,552.9182879
0.014767384,552.9182879
0.014787394,552.9182879
0.014807404,552.9182879
0.014827414,552.9182879
0.014847424,552.9182879
0.014867434,552.9182879
0.014887444,552.9182879
0.014907454,552.9182879
0.014927464,555.6420233
0.014947474,555.6420233
0.014967484,555.6420233
0.014987494,555.6420233
0.015007504,555.6420233
0.015027514,558.3657588
0.015047524,558.3657588
0.015067534,558.3657588
0.015087544,558.3657588
0.015107554,558.3657588
0.015127564,558.3657588
0.015147574,561.0894942
0.015167584,561.0894942
0.015187594,561.0894942
0.015207604,561.0894942
0.015227614,561.0894942
0.015247624,563.8132296
0.015267634,563.8132296
0.015287644,563.8132296
0.015307654,563.8132296
0.015327664,563.8132296
0.015347674,563.8132296
0.015367684,563.8132296
0.015387694,563.8132296
0.015407704,563.8132296
0.015427714,566.536965
0.015447724,566.536965
0.015467734,566.536965
0.015487744,566.536965
0.015507754,566.536965
0.015527764,566.536965
0.015547774,569.2607004
0.015567784,569.2607004
0.015587794,569.2607004
0.015607804,569.2607004
0.015627814,569.2607004
0.015647824,569.2607004
0.015667834,569.2607004
0.015687844,569.2607004
0.015707854,569.2607004
0.015727864,571.9844358
0.015747874,571.9844358
0.015767884,571.9844358
0.015787894,571.9844358
0.015807904,571.9844358
0.015827914,574.7081712
0.015847924,574.7081712
0.015867934,574.7081712
0.015887944,574.7081712
0.015907954,574.7081712
0.015927964,574.7081712
0.015947974,577.4319066
0.015967984,577.4319066
0.015987994,577.4319066
0.016008004,577.4319066
0.016028014,577.4319066
0.016048024,577.4319066
0.016068034,580.155642
0.016088044,580.155642
0.016108054,580.155642
0.016128064,580.155642
0.016148074,580.155642
0.016168084,580.155642
0.016188094,580.155642
0.016208104,580.155642
0.016228114,580.155642
0.016248124,580.155642
0.016268134,582.8793774
0.016288144,582.8793774
0.016308154,582.8793774
0.016328164,582.8793774
0.016348174,582.8793774
0.016368184,582.8793774
0.016388194,582.8793774
0.016408204,582.8793774
0.016428214,582.8793774
0.016448224,582.8793774
0.016468234,585.6031128
0.016488244,585.6031128
0.016508254,585.6031128
0.016528264,585.6031128
0.016548274,585.6031128
0.016568284,588.3268482
0.016588294,588.3268482
0.016608304,588.3268482
0.016628314,588.3268482
0.016648324,588.3268482
0.016668334,588.3268482
0.016688344,588.3268482
0.016708354,588.3268482
0.016728364,588.3268482
0.016748374,588.3268482
0.016768384,588.3268482
0.016788394,588.3268482
0.016808404,588.3268482
0.016828414,588.3268482
0.016848424,591.0505837
0.016868434,591.0505837
0.016888444,591.0505837
0.016908454,591.0505837
0.016928464,591.0505837
0.016948474,591.0505837
0.016968484,593.7743191
0.016988494,593.7743191
0.017008504,593.7743191
0.017028514,593.7743191
0.017048524,593.7743191
0.017068534,596.4980545
0.017088544,596.4980545
0.017108554,596.4980545
0.017128564,596.4980545
0.017148574,596.4980545
0.017168584,596.4980545
0.017188594,596.4980545
0.017208604,596.4980545
0.017228614,596.4980545
0.017248624,596.4980545
0.017268634,599.2217899
0.017288644,599.2217899
0.017308654,599.2217899
0.017328664,599.2217899
0.017348674,599.2217899
0.017368684,599.2217899
0.017388694,599.2217899
0.017408704,599.2217899
0.017428714,599.2217899
0.017448724,599.2217899
0.017468734,599.2217899
0.017488744,599.2217899
0.017508754,599.2217899
0.017528764,599.2217899
0.017548774,599.2217899
0.017568784,601.9455253
0.017588794,601.9455253
0.017608804,601.9455253
0.017628814,601.9455253
0.017648824,601.9455253
0.017668834,604.6692607
0.017688844,604.6692607
0.017708854,604.6692607
0.017728864,604.6692607
0.017748874,604.6692607
0.017768884,604.6692607
0.017788894,604.6692607
0.017808904,604.6692607
0.017828914,604.6692607
0.017848924,604.6692607
0.017868934,607.3929961
0.017888944,607.3929961
0.017908954,607.3929961
0.017928964,607.3929961
0.017948974,607.3929961
0.017968984,607.3929961
0.017988994,607.3929961
0.018009005,607.3929961
0.018029015,607.3929961
0.018049025,607.3929961
0.018069035,607.3929961
0.018089045,607.3929961
0.018109055,607.3929961
0.018129065,607.3929961
0.018149075,607.3929961
0.018169085,607.3929961
0.018189095,607.3929961
0.018209105,607.3929961
0.018229115,607.3929961
0.018249125,610.1167315
0.018269135,610.1167315
0.018289145,610.1167315
0.018309155,610.1167315
0.018329165,610.1167315
0.018349175,612.8404669
0.018369185,612.8404669
0.018389195,612.8404669
0.018409205,612.8404669
0.018429215,612.8404669
0.018449225,612.8404669
0.018469235,612.8404669
0.018489245,612.8404669
0.018509255,612.8404669
0.018529265,612.8404669
0.018549275,615.5642023
0.018569285,615.5642023
0.018589295,615.5642023
0.018609305,615.5642023
0.018629315,615.5642023
0.018649325,615.5642023
0.018669335,615.5642023
0.018689345,615.5642023
0.018709355,615.5642023
0.018729365,615.5642023
0.018749375,615.5642023
0.018769385,618.2879377
0.018789395,618.2879377
0.018809405,618.2879377
0.018829415,618.2879377
0.018849425,618.2879377
0.018869435,618.2879377
0.018889445,618.2879377
0.018909455,618.2879377
0.018929465,618.2879377
0.018949475,618.2879377
0.018969485,621.0116732
0.018989495,621.0116732
0.019009505,621.0116732
0.019029515,621.0116732
0.019049525,621.0116732
0.019069535,621.0116732
0.019089545,621.0116732
0.019109555,621.0116732
0.019129565,621.0116732
0.019149575,621.0116732
0.019169585,621.0116732
0.019189595,621.0116732
0.019209605,621.0116732
0.019229615,621.0116732
0.019249625,621.0116732
0.019269635,621.0116732
0.019289645,621.0116732
0.019309655,621.0116732
0.019329665,621.0116732
0.019349675,621.0116732
0.019369685,623.7354086
0.019389695,623.7354086
0.019409705,623.7354086
0.019429715,623.7354086
0.019449725,623.7354086
0.019469735,623.7354086
0.019489745,623.7354086
0.019509755,623.7354086
0.019529765,623.7354086
0.019549775,626.459144
0.019569785,626.459144
0.019589795,626.459144
0.019609805,626.459144
0.019629815,626.459144
0.019649825,626.459144
0.019669835,626.459144
0.019689845,626.459144
0.019709855,626.459144
0.019729865,626.459144
0.019749875,626.459144
0.019769885,626.459144
0.019789895,626.459144
0.019809905,626.459144
0.019829915,626.459144
0.019849925,629.1828794
0.019869935,629.1828794
0.019889945,629.1828794
0.019909955,629.1828794
0.019929965,629.1828794
0.019949975,629.1828794
0.019969985,629.1828794
0.019989995,629.1828794
0.020010005,629.1828794
0.020030015,629.1828794
0.020050025,629.1828794
0.020070035,629.1828794
0.020090045,629.1828794
0.020110055,629.1828794
0.020130065,629.1828794
0.020150075,631.9066148
0.020170085,631.9066148
0.020190095,631.9066148
0.020210105,631.9066148
0.020230115,631.9066148
0.020250125,631.9066148
0.020270135,631.9066148
0.020290145,631.9066148
0.020310155,631.9066148
0.020330165,631.9066148
0.020350175,631.9066148
0.020370185,631.9066148
0.020390195,631.9066148
0.020410205,631.9066148
0.020430215,631.9066148
0.020450225,631.9066148
0.020470235,634.6303502
0.020490245,634.6303502
0.020510255,634.6303502
0.020530265,634.6303502
0.020550275,634.6303502
0.020570285,634.6303502
0.020590295,634.6303502
0.020610305,634.6303502
0.020630315,634.6303502
0.020650325,634.6303502
0.020670335,634.6303502
0.020690345,634.6303502
0.020710355,634.6303502
0.020730365,634.6303502
0.020750375,634.6303502
0.020770385,637.3540856
0.020790395,637.3540856
0.020810405,637.3540856
0.020830415,637.3540856
0.020850425,637.3540856
0.020870435,637.3540856
0.020890445,637.3540856
0.020910455,637.3540856
0.020930465,637.3540856
0.020950475,637.3540856
0.020970485,640.077821
0.020990495,640.077821
0.021010505,640.077821
0.021030515,640.077821
0.021050525,640.077821
0.021070535,640.077821
0.021090545,640.077821
0.021110555,640.077821
0.021130565,640.077821
0.021150575,640.077821
0.021170585,640.077821
0.021190595,640.077821
0.021210605,640.077821
0.021230615,640.077821
0.021250625,640.077821
0.021270635,640.077821
0.021290645,640.077821
0.021310655,640.077821
0.021330665,640.077821
0.021350675,640.077821
0.021370685,640.077821
0.021390695,640.077821
0.021410705,640.077821
0.021430715,640.077821
0.021450725,642.8015564
0.021470735,642.8015564
0.021490745,642.8015564
0.021510755,642.8015564
0.021530765,642.8015564
0.021550775,642.8015564
0.021570785,642.8015564
0.021590795,642.8015564
0.021610805,642.8015564
0.021630815,642.8015564
0.021650825,642.8015564
0.021670835,642.8015564
0.021690845,642.8015564
0.021710855,642.8015564
0.021730865,642.8015564
0.021750875,642.8015564
0.021770885,645.5252918
0.021790895,645.5252918
0.021810905,645.5252918
0.021830915,645.5252918
0.021850925,645.5252918
0.021870935,645.5252918
0.021890945,645.5252918
0.021910955,645.5252918
0.021930965,645.5252918
0.021950975,645.5252918
0.021970985,645.5252918
0.021990995,645.5252918
0.022011006,645.5252918
0.022031016,645.5252918
0.022051026,645.5252918
0.022071036,648.2490272
0.022091046,648.2490272
0.022111056,648.2490272
0.022131066,648.2490272
0.022151076,648.2490272
0.022171086,648.2490272
0.022191096,648.2490272
0.022211106,648.2490272
0.022231116,648.2490272
0.022251126,648.2490272
0.022271136,648.2490272
0.022291146,648.2490272
0.022311156,648.2490272
0.022331166,648.2490272
0.022351176,648.2490272
0.022371186,648.2490272
0.022391196,648.2490272
0.022411206,648.2490272
0.022431216,648.2490272
0.022451226,648.2490272
0.022471236,648.2490272
0.022491246,648.2490272
0.022511256,648.2490272
0.022531266,648.2490272
0.022551276,648.2490272
0.022571286,650.9727626
0.022591296,650.9727626
0.022611306,650.9727626
0.022631316,650.9727626
0.022651326,650.9727626
0.022671336,650.9727626
0.022691346,650.9727626
0.022711356,650.9727626
0.022731366,650.9727626
0.022751376,650.9727626
0.022771386,650.9727626
0.022791396,650.9727626
0.022811406,650.9727626
0.022831416,650.9727626
0.022851426,650.9727626
0.022871436,650.9727626
0.022891446,650.9727626
0.022911456,650.9727626
0.022931466,650.9727626
0.022951476,650.9727626
0.022971486,653.6964981
0.022991496,653.6964981
0.023011506,653.6964981
0.023031516,653.6964981
0.023051526,653.6964981
0.023071536,653.6964981
0.023091546,653.6964981
0.023111556,653.6964981
0.023131566,653.6964981
0.023151576,653.6964981
0.023171586,653.6964981
0.023191596,653.6964981
0.023211606,653.6964981
0.023231616,653.6964981
0.023251626,653.6964981
0.023271636,653.6964981
0.023291646,653.6964981
0.023311656,653.6964981
0.023331666,653.6964981
0.023351676,656.4202335
0.023371686,656.4202335
0.023391696,656.4202335
0.023411706,656.4202335
0.023431716,656.4202335
0.023451726,656.4202335
0.023471736,656.4202335
0.023491746,656.4202335
0.023511756,656.4202335
0.023531766,656.4202335
0.023551776,656.4202335
0.023571786,656.4202335
0.023591796,656.4202335
0.023611806,656.4202335
0.023631816,656.4202335
0.023651826,656.4202335
0.023671836,656.4202335
0.023691846,656.4202335
0.023711856,656.4202335
0.023731866,656.4202335
0.023751876,656.4202335
0.023771886,656.4202335
0.023791896,656.4202335
0.023811906,656.4202335
0.023831916,656.4202335
0.023851926,656.4202335
0.023871936,656.4202335
0.023891946,656.4202335
0.023911956,656.4202335
0.023931966,656.4202335
0.023951976,656.4202335
0.023971986,659.1439689
0.023991996,659.1439689
0.024012006,659.1439689
0.024032016,659.1439689
0.024052026,659.1439689
0.024072036,656.4202335
0.024092046,656.4202335
0.024112056,656.4202335
0.024132066,656.4202335
0.024152076,656.4202335
0.024172086,656.4202335
0.024192096,659.1439689
0.024212106,659.1439689
0.024232116,659.1439689
0.024252126,659.1439689
0.024272136,659.1439689
0.024292146,659.1439689
0.024312156,659.1439689
0.024332166,659.1439689
0.024352176,659.1439689
0.024372186,659.1439689
0.024392196,659.1439689
0.024412206,659.1439689
0.024432216,659.1439689
0.024452226,659.1439689
0.024472236,659.1439689
0.024492246,659.1439689
0.024512256,659.1439689
0.024532266,659.1439689
0.024552276,659.1439689
0.024572286,659.1439689
0.024592296,661.8677043
0.024612306,661.8677043
0.024632316,661.8677043
0.024652326,661.8677043
0.024672336,661.8677043
0.024692346,661.8677043
0.024712356,661.8677043
0.024732366,661.8677043
0.024752376,661.8677043
0.024772386,661.8677043
0.024792396,661.8677043
0.024812406,661.8677043
0.024832416,661.8677043
0.024852426,661.8677043
0.024872436,661.8677043
0.024892446,661.8677043
0.024912456,661.8677043
0.024932466,661.8677043
0.024952476,661.8677043
0.024972486,664.5914397
0.024992496,664.5914397
0.025012506,664.5914397
0.025032516,664.5914397
0.025052526,664.5914397
0.025072536,664.5914397
0.025092546,664.5914397
0.025112556,664.5914397
0.025132566,664.5914397
0.025152576,664.5914397
0.025172586,664.5914397
0.025192596,664.5914397
0.025212606,664.5914397
0.025232616,664.5914397
0.025252626,664.5914397
0.025272636,664.5914397
0.025292646,664.5914397
0.025312656,664.5914397
0.025332666,664.5914397
0.025352676,664.5914397
0.025372686,664.5914397
0.025392696,664.5914397
0.025412706,664.5914397
0.025432716,664.5914397
0.025452726,664.5914397
0.025472736,664.5914397
0.025492746,664.5914397
0.025512756,664.5914397
0.025532766,664.5914397
0.025552776,664.5914397
0.025572786,664.5914397
0.025592796,664.5914397
0.025612806,664.5914397
0.025632816,664.5914397
0.025652826,664.5914397
0.025672836,664.5914397
0.025692846,664.5914397
0.025712856,664.5914397
0.025732866,664.5914397
0.025752876,664.5914397
0.025772886,664.5914397
0.025792896,667.3151751
0.025812906,667.3151751
0.025832916,667.3151751
0.025852926,667.3151751
0.025872936,667.3151751
0.025892946,667.3151751
0.025912956,667.3151751
0.025932966,667.3151751
0.025952976,667.3151751
0.025972986,667.3151751
0.025992996,667.3151751
0.026013007,667.3151751
0.026033017,667.3151751
0.026053027,667.3151751
0.026073037,667.3151751
0.026093047,667.3151751
0.026113057,667.3151751
0.026133067,667.3151751
0.026153077,667.3151751
0.026173087,667.3151751
0.026193097,670.0389105
0.026213107,670.0389105
0.026233117,670.0389105
0.026253127,670.0389105
0.026273137,667.3151751
0.026293147,667.3151751
0.026313157,667.3151751
0.026333167,667.3151751
0.026353177,667.3151751
0.026373187,667.3151751
0.026393197,670.0389105
0.026413207,670.0389105
0.026433217,670.0389105
0.026453227,670.0389105
0.026473237,670.0389105
0.026493247,670.0389105
0.026513257,670.0389105
0.026533267,670.0389105
0.026553277,670.0389105
0.026573287,670.0389105
0.026593297,670.0389105
0.026613307,670.0389105
0.026633317,670.0389105
0.026653327,670.0389105
0.026673337,670.0389105
0.026693347,670.0389105
0.026713357,670.0389105
0.026733367,670.0389105
0.026753377,670.0389105
0.026773387,670.0389105
0.026793397,670.0389105
0.026813407,670.0389105
0.026833417,670.0389105
0.026853427,670.0389105
0.026873437,672.7626459
0.026893447,672.7626459
0.026913457,672.7626459
0.026933467,672.7626459
0.026953477,672.7626459
0.026973487,672.7626459
0.026993497,672.7626459
0.027013507,672.7626459
0.027033517,672.7626459
0.027053527,672.7626459
0.027073537,672.7626459
0.027093547,670.0389105
0.027113557,670.0389105
0.027133567,670.0389105
0.027153577,670.0389105
0.027173587,672.7626459
0.027193597,672.7626459
0.027213607,672.7626459
0.027233617,672.7626459
0.027253627,672.7626459
0.027273637,672.7626459
0.027293647,672.7626459
0.027313657,672.7626459
0.027333667,672.7626459
0.027353677,672.7626459
0.027373687,672.7626459
0.027393697,672.7626459
0.027413707,672.7626459
0.027433717,672.7626459
0.027453727,672.7626459
0.027473737,672.7626459
0.027493747,672.7626459
0.027513757,672.7626459
0.027533767,672.7626459
0.027553777,672.7626459
0.027573787,675.4863813
0.027593797,675.4863813
0.027613807,675.4863813
0.027633817,675.4863813
0.027653827,675.4863813
0.027673837,675.4863813
0.027693847,672.7626459
0.027713857,672.7626459
0.027733867,672.7626459
0.027753877,672.7626459
0.027773887,672.7626459
0.027793897,675.4863813
0.027813907,675.4863813
0.027833917,675.4863813
0.027853927,675.4863813
0.027873937,675.4863813
0.027893947,675.4863813
0.027913957,675.4863813
0.027933967,675.4863813
0.027953977,675.4863813
0.027973987,675.4863813
0.027993997,675.4863813
0.028014007,675.4863813
0.028034017,675.4863813
0.028054027,675.4863813
0.028074037,675.4863813
0.028094047,675.4863813
0.028114057,675.4863813
0.028134067,675.4863813
0.028154077,675.4863813
0.028174087,675.4863813
0.028194097,675.4863813
0.028214107,675.4863813
0.028234117,675.4863813
0.028254127,675.4863813
0.028274137,675.4863813
0.028294147,675.4863813
0.028314157,675.4863813
0.028334167,675.4863813
0.028354177,675.4863813
0.028374187,675.4863813
0.028394197,675.4863813
0.028414207,675.4863813
0.028434217,675.4863813
0.028454227,675.4863813
0.028474237,675.4863813
0.028494247,675.4863813
0.028514257,675.4863813
0.028534267,675.4863813
0.028554277,675.4863813
0.028574287,675.4863813
0.028594297,675.4863813
0.028614307,675.4863813
0.028634317,675.4863813
0.028654327,675.4863813
0.028674337,675.4863813
0.028694347,678.2101167
0.028714357,678.2101167
0.028734367,678.2101167
0.028754377,678.2101167
0.028774387,678.2101167
0.028794397,678.2101167
0.028814407,678.2101167
0.028834417,678.2101167
0.028854427,678.2101167
0.028874437,678.2101167
0.028894447,678.2101167
0.028914457,678.2101167
0.028934467,678.2101167
0.028954477,678.2101167
0.028974487,678.2101167
0.028994497,678.2101167
0.029014507,678.2101167
0.029034517,678.2101167
0.029054527,678.2101167
0.029074537,678.2101167
0.029094547,678.2101167
0.029114557,678.2101167
0.029134567,678.2101167
0.029154577,678.2101167
0.029174587,678.2101167
0.029194597,678.2101167
0.029214607,678.2101167
0.029234617,678.2101167
0.029254627,678.2101167
0.029274637,678.2101167
0.029294647,678.2101167
0.029314657,678.2101167
0.029334667,678.2101167
0.029354677,678.2101167
0.029374687,678.2101167
0.029394697,678.2101167
0.029414707,678.2101167
0.029434717,678.2101167
0.029454727,678.2101167
0.029474737,678.2101167
0.029494747,678.2101167
0.029514757,678.2101167
0.029534767,678.2101167
0.029554777,678.2101167
0.029574787,678.2101167
0.029594797,678.2101167
0.029614807,678.2101167
0.029634817,678.2101167
0.029654827,678.2101167
0.029674837,678.2101167
0.029694847,678.2101167
0.029714857,678.2101167
0.029734867,678.2101167
0.029754877,678.2101167
0.029774887,680.9338521
0.029794897,680.9338521
0.029814907,680.9338521
0.029834917,680.9338521
0.029854927,680.9338521
0.029874937,680.9338521
0.029894947,680.9338521
0.029914957,680.9338521
0.029934967,680.9338521
0.029954977,680.9338521
0.029974987,680.9338521
0.029994997,680.9338521
0.030015008,680.9338521
0.030035018,680.9338521
0.030055028,680.9338521
0.030075038,680.9338521
0.030095048,680.9338521
0.030115058,680.9338521
0.030135068,680.9338521
0.030155078,680.9338521
0.030175088,680.9338521
0.030195098,680.9338521
0.030215108,680.9338521
0.030235118,680.9338521
0.030255128,680.9338521
0.030275138,680.9338521
0.030295148,683.6575875
0.030315158,683.6575875
0.030335168,683.6575875
0.030355178,683.6575875
0.030375188,683.6575875
0.030395198,683.6575875
0.030415208,683.6575875
0.030435218,683.6575875
0.030455228,683.6575875
0.030475238,683.6575875
0.030495248,683.6575875
0.030515258,683.6575875
0.030535268,683.6575875
0.030555278,683.6575875
0.030575288,683.6575875
0.030595298,680.9338521
0.030615308,680.9338521
0.030635318,680.9338521
0.030655328,680.9338521
0.030675338,683.6575875
0.030695348,683.6575875
0.030715358,683.6575875
0.030735368,683.6575875
0.030755378,683.6575875
0.030775388,683.6575875
0.030795398,683.6575875
0.030815408,683.6575875
0.030835418,683.6575875
0.030855428,683.6575875
0.030875438,683.6575875
0.030895448,683.6575875
0.030915458,683.6575875
0.030935468,683.6575875
0.030955478,683.6575875
0.030975488,683.6575875
0.030995498,683.6575875
0.031015508,683.6575875
0.031035518,683.6575875
0.031055528,683.6575875
0.031075538,683.6575875
0.031095548,683.6575875
0.031115558,683.6575875
0.031135568,683.6575875
0.031155578,683.6575875
0.031175588,683.6575875
0.031195598,683.6575875
0.031215608,683.6575875
0.031235618,683.6575875
0.031255628,683.6575875
0.031275638,683.6575875
0.031295648,683.6575875
0.031315658,683.6575875
0.031335668,683.6575875
0.031355678,683.6575875
0.031375688,683.6575875
0.031395698,683.6575875
0.031415708,683.6575875
0.031435718,683.6575875
0.031455728,683.6575875
0.031475738,683.6575875
0.031495748,683.6575875
0.031515758,683.6575875
0.031535768,683.6575875
0.031555778,683.6575875
0.031575788,686.381323
0.031595798,686.381323
0.031615808,686.381323
0.031635818,686.381323
0.031655828,686.381323
0.031675838,683.6575875
0.031695848,683.6575875
0.031715858,683.6575875
0.031735868,683.6575875
0.031755878,683.6575875
0.031775888,683.6575875
0.031795898,683.6575875
0.031815908,683.6575875
0.031835918,683.6575875
0.031855928,683.6575875
0.031875938,683.6575875
0.031895948,686.381323
0.031915958,686.381323
0.031935968,686.381323
0.031955978,686.381323
0.031975988,686.381323
0.031995998,686.381323
0.032016008,686.381323
0.032036018,686.381323
0.032056028,686.381323
0.032076038,686.381323
0.032096048,686.381323
0.032116058,686.381323
0.032136068,686.381323
0.032156078,686.381323
0.032176088,686.381323
0.032196098,686.381323
0.032216108,686.381323
0.032236118,686.381323
0.032256128,686.381323
0.032276138,686.381323
0.032296148,686.381323
0.032316158,686.381323
0.032336168,686.381323
0.032356178,686.381323
0.032376188,686.381323
0.032396198,686.381323
0.032416208,686.381323
0.032436218,686.381323
0.032456228,686.381323
0.032476238,686.381323
0.032496248,686.381323
0.032516258,686.381323
0.032536268,686.381323
0.032556278,686.381323
0.032576288,686.381323
0.032596298,686.381323
0.032616308,686.381323
0.032636318,686.381323
0.032656328,686.381323
0.032676338,686.381323
0.032696348,686.381323
0.032716358,686.381323
0.032736368,686.381323
0.032756378,686.381323
0.032776388,686.381323
0.032796398,686.381323
0.032816408,686.381323
0.032836418,686.381323
0.032856428,686.381323
0.032876438,686.381323
0.032896448,686.381323
0.032916458,686.381323
0.032936468,686.381323
0.032956478,686.381323
0.032976488,686.381323
0.032996498,686.381323
0.033016508,689.1050584
0.033036518,689.1050584
0.033056528,689.1050584
0.033076538,689.1050584
0.033096548,689.1050584
0.033116558,689.1050584
0.033136568,689.1050584
0.033156578,689.1050584
0.033176588,689.1050584
0.033196598,689.1050584
0.033216608,689.1050584
0.033236618,689.1050584
0.033256628,689.1050584
0.033276638,689.1050584
0.033296648,689.1050584
0.033316658,689.1050584
0.033336668,689.1050584
0.033356678,689.1050584
0.033376688,689.1050584
0.033396698,689.1050584
0.033416708,689.1050584
0.033436718,689.1050584
0.033456728,689.1050584
0.033476738,689.1050584
0.033496748,689.1050584
0.033516758,689.1050584
0.033536768,689.1050584
0.033556778,689.1050584
0.033576788,689.1050584
0.033596798,689.1050584
0.033616808,689.1050584
0.033636818,689.1050584
0.033656828,689.1050584
0.033676838,689.1050584
0.033696848,689.1050584
0.033716858,689.1050584
0.033736868,689.1050584
0.033756878,689.1050584
0.033776888,689.1050584
0.033796898,689.1050584
0.033816908,689.1050584
0.033836918,689.1050584
0.033856928,689.1050584
0.033876938,689.1050584
0.033896948,689.1050584
0.033916958,689.1050584
0.033936968,689.1050584
0.033956978,689.1050584
0.033976988,689.1050584
0.033996998,689.1050584
0.034017009,689.1050584
0.034037019,689.1050584
0.034057029,689.1050584
0.034077039,689.1050584
0.034097049,689.1050584
0.034117059,689.1050584
0.034137069,689.1050584
0.034157079,689.1050584
0.034177089,689.1050584
0.034197099,691.8287938
0.034217109,691.8287938
0.034237119,691.8287938
0.034257129,691.8287938
0.034277139,691.8287938
0.034297149,691.8287938
0.034317159,691.8287938
0.034337169,691.8287938
0.034357179,691.8287938
0.034377189,691.8287938
0.034397199,691.8287938
0.034417209,689.1050584
0.034437219,689.1050584
0.034457229,689.1050584
0.034477239,689.1050584
0.034497249,691.8287938
0.034517259,691.8287938
0.034537269,691.8287938
0.034557279,691.8287938
0.034577289,691.8287938
0.034597299,691.8287938
0.034617309,691.8287938
0.034637319,691.8287938
0.034657329,691.8287938
0.034677339,691.8287938
0.034697349,691.8287938
0.034717359,689.1050584
0.034737369,689.1050584
0.034757379,689.1050584
0.034777389,689.1050584
0.034797399,691.8287938
0.034817409,691.8287938
0.034837419,691.8287938
0.034857429,691.8287938
0.034877439,691.8287938
0.034897449,691.8287938
0.034917459,691.8287938
0.034937469,691.8287938
0.034957479,691.8287938
0.034977489,691.8287938
0.034997499,691.8287938
0.035017509,691.8287938
0.035037519,691.8287938
0.035057529,691.8287938
0.035077539,691.8287938
0.035097549,694.5525292
0.035117559,694.5525292
0.035137569,694.5525292
0.035157579,694.5525292
0.035177589,694.5525292
0.035197599,694.5525292
0.035217609,691.8287938
0.035237619,691.8287938
0.035257629,691.8287938
0.035277639,691.8287938
0.035297649,691.8287938
0.035317659,691.8287938
0.035337669,691.8287938
0.035357679,691.8287938
0.035377689,691.8287938
0.035397699,691.8287938
0.035417709,691.8287938
0.035437719,691.8287938
0.035457729,691.8287938
0.035477739,691.8287938
0.035497749,691.8287938
0.035517759,691.8287938
0.035537769,691.8287938
0.035557779,691.8287938
0.035577789,691.8287938
0.035597799,691.8287938
0.035617809,694.5525292
0.035637819,694.5525292
0.035657829,694.5525292
0.035677839,694.5525292
0.035697849,694.5525292
0.035717859,691.8287938
0.035737869,691.8287938
0.035757879,691.8287938
0.035777889,691.8287938
0.035797899,691.8287938
0.035817909,691.8287938
0.035837919,691.8287938
0.035857929,691.8287938
0.035877939,691.8287938
0.035897949,691.8287938
0.035917959,691.8287938
0.035937969,691.8287938
0.035957979,691.8287938
0.035977989,691.8287938
0.035997999,691.8287938
0.036018009,694.5525292
0.036038019,694.5525292
0.036058029,694.5525292
0.036078039,694.5525292
0.036098049,691.8287938
0.036118059,691.8287938
0.036138069,691.8287938
0.036158079,691.8287938
0.036178089,691.8287938
0.036198099,691.8287938
0.036218109,694.5525292
0.036238119,694.5525292
0.036258129,694.5525292
0.036278139,694.5525292
0.036298149,694.5525292
0.036318159,694.5525292
0.036338169,694.5525292
0.036358179,694.5525292
0.036378189,694.5525292
0.036398199,694.5525292
0.036418209,694.5525292
0.036438219,694.5525292
0.036458229,694.5525292
0.036478239,694.5525292
0.036498249,694.5525292
0.036518259,694.5525292
0.036538269,694.5525292
0.036558279,694.5525292
0.036578289,694.5525292
0.036598299,694.5525292
0.036618309,694.5525292
0.036638319,694.5525292
0.036658329,694.5525292
0.036678339,694.5525292
0.036698349,694.5525292
0.036718359,694.5525292
0.036738369,694.5525292
0.036758379,694.5525292
0.036778389,694.5525292
0.036798399,694.5525292
0.036818409,694.5525292
0.036838419,694.5525292
0.036858429,694.5525292
0.036878439,694.5525292
0.036898449,694.5525292
0.036918459,694.5525292
0.036938469,694.5525292
0.036958479,694.5525292
0.036978489,694.5525292
0.036998499,694.5525292
0.037018509,694.5525292
0.037038519,694.5525292
0.037058529,694.5525292
0.037078539,694.5525292
0.037098549,694.5525292
0.037118559,694.5525292
0.037138569,694.5525292
0.037158579,694.5525292
0.037178589,694.5525292
0.037198599,694.5525292
0.037218609,694.5525292
0.037238619,694.5525292
0.037258629,694.5525292
0.037278639,694.5525292
0.037298649,694.5525292
0.037318659,697.2762646
0.037338669,697.2762646
0.037358679,697.2762646
0.037378689,697.2762646
0.037398699,697.2762646
0.037418709,694.5525292
0.037438719,694.5525292
0.037458729,694.5525292
0.037478739,694.5525292
0.037498749,694.5525292
0.037518759,694.5525292
0.037538769,694.5525292
0.037558779,694.5525292
0.037578789,694.5525292
0.037598799,694.5525292
0.037618809,697.2762646
0.037638819,697.2762646
0.037658829,697.2762646
0.037678839,697.2762646
0.037698849,697.2762646
0.037718859,697.2762646
0.037738869,697.2762646
0.037758879,697.2762646
0.037778889,697.2762646
0.037798899,697.2762646
0.037818909,697.2762646
0.037838919,697.2762646
0.037858929,697.2762646
0.037878939,697.2762646
0.037898949,697.2762646
0.037918959,697.2762646
0.037938969,697.2762646
0.037958979,697.2762646
0.037978989,697.2762646
0.037998999,697.2762646
0.03801901,697.2762646
0.03803902,697.2762646
0.03805903,697.2762646
0.03807904,697.2762646
0.03809905,697.2762646
0.03811906,697.2762646
0.03813907,697.2762646
0.03815908,697.2762646
0.03817909,697.2762646
0.0381991,697.2762646
0.03821911,697.2762646
0.03823912,697.2762646
0.03825913,697.2762646
0.03827914,697.2762646
0.03829915,700
0.03831916,700
0.03833917,700
0.03835918,700
0.03837919,700
0.0383992,700
0.03841921,700
0.03843922,700
0.03845923,700
0.03847924,700
0.03849925,700
0.03851926,697.2762646
0.03853927,697.2762646
0.03855928,697.2762646
0.03857929,697.2762646
0.0385993,700
0.03861931,700
0.03863932,700
0.03865933,700
0.03867934,700
0.03869935,700
0.03871936,700
0.03873937,700
0.03875938,700
0.03877939,700
0.0387994,700
0.03881941,697.2762646
0.03883942,697.2762646
0.03885943,697.2762646
0.03887944,697.2762646
0.03889945,700
0.03891946,700
0.03893947,700
0.03895948,700
0.03897949,700
0.0389995,700
0.03901951,700
0.03903952,700
0.03905953,700
0.03907954,700
0.03909955,700
0.03911956,697.2762646
0.03913957,697.2762646
0.03915958,697.2762646
0.03917959,697.2762646
0.0391996,697.2762646
0.03921961,697.2762646
0.03923962,697.2762646
0.03925963,697.2762646
0.03927964,697.2762646
0.03929965,700
0.03931966,700
0.03933967,700
0.03935968,700
0.03937969,700
0.0393997,700
0.03941971,700
0.03943972,700
0.03945973,700
0.03947974,700
0.03949975,700
0.03951976,697.2762646
0.03953977,697.2762646
0.03955978,697.2762646
0.03957979,697.2762646
0.0395998,697.2762646
0.03961981,700
0.03963982,700
0.03965983,700
0.03967984,700
0.03969985,700
0.03971986,700
0.03973987,700
0.03975988,700
0.03977989,700
0.0397999,700
0.03981991,697.2762646
0.03983992,697.2762646
0.03985993,697.2762646
0.03987994,697.2762646
0.03989995,700
0.03991996,700
0.03993997,700
0.03995998,700
0.03997999,700
0.04,700
0.04,700
